'Titulo','Direcao','Nota','Link','Ano','Categoria'
'O Poderoso Chefão','<built-in method strip of str object at 0x0000025269720430>','4.8','https://www.adorocinema.com/filmes/filme-1628/','24 de março de 1972','N/A'
'A Lista de Schindler','<built-in method strip of str object at 0x0000025269862330>','3.9','https://www.adorocinema.com/filmes/filme-9393/','31 de dezembro de 1993','N/A'
'Um Sonho de Liberdade','<built-in method strip of str object at 0x00000252699A3B30>','4.8','https://www.adorocinema.com/filmes/filme-11736/','25 de janeiro de 1995','N/A'
'Forrest Gump - O Contador de Histórias','<built-in method strip of str object at 0x0000025269AFA6F0>','4.7','https://www.adorocinema.com/filmes/filme-10568/','7 de dezembro de 1994','N/A'
'O Rei Leão','<built-in method strip of str object at 0x00000252693F1A10>','4.7','https://www.adorocinema.com/filmes/filme-10862/','8 de julho de 1994','N/A'
'À Espera de um Milagre','<built-in method strip of str object at 0x0000025269D941F0>','4.7','https://www.adorocinema.com/filmes/filme-22779/','10 de março de 2000','N/A'
'O Senhor dos Anéis - O Retorno do Rei','<built-in method strip of str object at 0x0000025269EDA270>','4.7','https://www.adorocinema.com/filmes/filme-39187/','25 de dezembro de 2003','N/A'
'Batman - O Cavaleiro Das Trevas','<built-in method strip of str object at 0x000002526A0372B0>','4.7','https://www.adorocinema.com/filmes/filme-115362/','18 de julho de 2008','N/A'
'Vingadores: Ultimato','<built-in method strip of str object at 0x00000252693F17D0>','3.9','https://www.adorocinema.com/filmes/filme-232669/','25 de abril de 2019','N/A'
'Vingadores: Guerra Infinita','<built-in method strip of str object at 0x00000252693F2E50>','3.6','https://www.adorocinema.com/filmes/filme-218265/','26 de abril de 2018','N/A'
'O Poderoso Chefão 2','<built-in method strip of str object at 0x000002526B5B50B0>','4.7','https://www.adorocinema.com/filmes/filme-28201/','20 de dezembro de 1974','N/A'
'O Auto da Compadecida','<built-in method strip of str object at 0x000002526B6F9CB0>','4.7','https://www.adorocinema.com/filmes/filme-120824/','10 de setembro de 2000','N/A'
'O Resgate do Soldado Ryan','<built-in method strip of str object at 0x000002526B83A870>','4.7','https://www.adorocinema.com/filmes/filme-18598/','11 de setembro de 1998','N/A'
'Viva - A Vida é uma Festa','<built-in method strip of str object at 0x000002526926FDF0>','3.7','https://www.adorocinema.com/filmes/filme-206775/','4 de janeiro de 2018','N/A'
'De Volta para o Futuro','<built-in method strip of str object at 0x0000025269736CB0>','4.7','https://www.adorocinema.com/filmes/filme-448/','25 de dezembro de 1985','N/A'
'Gladiador','<built-in method strip of str object at 0x0000025269930FB0>','4.7','https://www.adorocinema.com/filmes/filme-24944/','19 de maio de 2000','N/A'
'Django Livre','<built-in method strip of str object at 0x000002526BAC8BF0>','4.3','https://www.adorocinema.com/filmes/filme-190918/','18 de janeiro de 2013','N/A'
'O Silêncio dos Inocentes','<built-in method strip of str object at 0x000002526BB22D70>','4.6','https://www.adorocinema.com/filmes/filme-6641/','17 de maio de 1991','N/A'
'O Senhor dos Anéis - A Sociedade do Anel','<built-in method strip of str object at 0x000002526BC7CFF0>','4.6','https://www.adorocinema.com/filmes/filme-27070/','1 de janeiro de 2002','N/A'
'O Senhor dos Anéis - As Duas Torres','<built-in method strip of str object at 0x000002526BDC6F70>','4.6','https://www.adorocinema.com/filmes/filme-39186/','27 de dezembro de 2002','N/A'
'Intocáveis','<built-in method strip of str object at 0x00000252693F4290>','3.0','https://www.adorocinema.com/filmes/filme-182745/','31 de agosto de 2012','N/A'
'Interestelar','<built-in method strip of str object at 0x000002526C227D30>','3.8','https://www.adorocinema.com/filmes/filme-114782/','6 de novembro de 2014','N/A'
'Sempre ao Seu Lado','<built-in method strip of str object at 0x00000252573C6940>','4.6','https://www.adorocinema.com/filmes/filme-128959/','25 de dezembro de 2009','N/A'
'Toy Story - Um Mundo de Aventuras','<built-in method strip of str object at 0x000002526C4AEC70>','4.6','https://www.adorocinema.com/filmes/filme-14264/','22 de dezembro de 1995','N/A'
'Cantando na Chuva','<built-in method strip of str object at 0x00000252693F05D0>','4.6','https://www.adorocinema.com/filmes/filme-5120/','30 de junho de 1952','N/A'
'À Procura da Felicidade','<built-in method strip of str object at 0x0000025269C57D30>','4.6','https://www.adorocinema.com/filmes/filme-54098/','2 de fevereiro de 2007','N/A'
'Harry Potter e as Relíquias da Morte - Parte 2','<built-in method strip of str object at 0x0000025269CDCFF0>','4.6','https://www.adorocinema.com/filmes/filme-134925/','15 de julho de 2011','N/A'
'Divertida Mente','<built-in method strip of str object at 0x000002526B6D8970>','4.5','https://www.adorocinema.com/filmes/filme-196960/','18 de junho de 2015','N/A'
'Toy Story 3','<built-in method strip of str object at 0x000002526B9991B0>','4.6','https://www.adorocinema.com/filmes/filme-126123/','18 de junho de 2010','N/A'
'Três Homens em Conflito','<built-in method strip of str object at 0x000002526B9DF6B0>','4.6','https://www.adorocinema.com/filmes/filme-19395/','1 de outubro de 2020','N/A'
'Bastardos Inglórios','<built-in method strip of str object at 0x000002526B9BF5B0>','4.6','https://www.adorocinema.com/filmes/filme-60208/','9 de outubro de 2009','N/A'
'Star Wars: O Império Contra-ataca','<built-in method strip of str object at 0x000002526B60C930>','4.6','https://www.adorocinema.com/filmes/filme-25802/','21 de julho de 1980','N/A'
'A Origem','<built-in method strip of str object at 0x00000252694410B0>','4.6','https://www.adorocinema.com/filmes/filme-143692/','6 de agosto de 2010','N/A'
'Logan','<built-in method strip of str object at 0x0000025269AC0330>','4.0','https://www.adorocinema.com/filmes/filme-225116/','2 de março de 2017','N/A'
'Homens de Honra','<built-in method strip of str object at 0x00000252573C6940>','4.6','https://www.adorocinema.com/filmes/filme-27434/','23 de março de 2001','N/A'
'Histórias Cruzadas','<built-in method strip of str object at 0x0000025269B8D930>','3.2','https://www.adorocinema.com/filmes/filme-176673/','3 de fevereiro de 2012','N/A'
'Até o Último Homem','<built-in method strip of str object at 0x000002526B7223B0>','3.3','https://www.adorocinema.com/filmes/filme-208104/','26 de janeiro de 2017','N/A'
'O Sexto Sentido','<built-in method strip of str object at 0x000002526C748670>','4.6','https://www.adorocinema.com/filmes/filme-22092/','22 de outubro de 1999','N/A'
'Ben-Hur','<built-in method strip of str object at 0x000002526969C8F0>','4.6','https://www.adorocinema.com/filmes/filme-1532/','29 de janeiro de 1960','N/A'
'Wall-E','<built-in method strip of str object at 0x000002526BC7C230>','4.6','https://www.adorocinema.com/filmes/filme-123734/','27 de junho de 2008','N/A'
'Matrix','<built-in method strip of str object at 0x00000252693F6040>','4.6','https://www.adorocinema.com/filmes/filme-19776/','21 de maio de 1999','N/A'
'Coringa','<built-in method strip of str object at 0x000002526B2D25B0>','4.2','https://www.adorocinema.com/filmes/filme-258374/','3 de outubro de 2019','N/A'
'A Bela e a Fera','<built-in method strip of str object at 0x00000252693F2310>','4.8','https://www.adorocinema.com/filmes/filme-7229/','10 de julho de 1992','N/A'
'A Noviça Rebelde','<built-in method strip of str object at 0x000002526A018A30>','4.6','https://www.adorocinema.com/filmes/filme-238/','3 de maio de 1965','N/A'
'Tempos Modernos','<built-in method strip of str object at 0x000002526C4C05B0>','4.6','https://www.adorocinema.com/filmes/filme-1832/','1 de agosto de 2020','N/A'
'O Pianista','<built-in method strip of str object at 0x000002526BF992F0>','4.6','https://www.adorocinema.com/filmes/filme-28359/','7 de março de 2003','N/A'
'Batman - O Cavaleiro das Trevas Ressurge','<built-in method strip of str object at 0x000002526BCD29F0>','4.0','https://www.adorocinema.com/filmes/filme-132874/','27 de julho de 2012','N/A'
'Jurassic Park - Parque dos Dinossauros','<built-in method strip of str object at 0x000002526C2BA7B0>','5.0','https://www.adorocinema.com/filmes/filme-8488/','13 de junho de 1993','N/A'
'Procurando Nemo','<built-in method strip of str object at 0x00000252693F5460>','4.5','https://www.adorocinema.com/filmes/filme-29057/','4 de julho de 2003','N/A'
'Seven - Os Sete Crimes Capitais','<built-in method strip of str object at 0x000002526BBE9330>','4.6','https://www.adorocinema.com/filmes/filme-13892/','15 de dezembro de 1995','N/A'
